<?xml version="1.0" encoding="UTF-8"?>
<sltp_editor version="1.1" packageUris="http://schema.mathworks.com/mf0/DiagramEditor/19700101 http://schema.mathworks.com/mf0/SltpSyntax/R2018b_201805311549">
  <diagram.editor.model.Diagram type="diagram.editor.model.Diagram" uuid="1d58146a-79ff-4ddf-924d-ac9f27350c1b">
    <entities type="diagram.editor.model.Entity" uuid="650385e0-3daf-4933-94fd-ceb77d15c213">
      <position type="diagram.editor.model.Point"/>
      <size type="diagram.editor.model.Rect">
        <height>100</height>
        <width>100</width>
      </size>
      <syntaxElement type="sltp.mm.syntax.Node" uuid="9656a5b2-40ca-43c1-b2bb-70df4971cd39"/>
      <title>Cont</title>
      <type>base</type>
      <subDiagram type="diagram.editor.model.Diagram" uuid="4a51444f-e7de-4fa4-bbd7-5c0cb09c6062">
        <position type="diagram.editor.model.Point"/>
        <size empty="true"/>
        <syntaxElement type="sltp.mm.syntax.Graph" uuid="4baf0f7c-068e-4ff7-b2f1-9547be5f1384"/>
        <title>Cont</title>
        <type>graph.Graph</type>
      </subDiagram>
    </entities>
    <position empty="true"/>
    <size empty="true"/>
    <syntaxElement type="sltp.mm.syntax.Graph" uuid="16aa92fe-e289-42b1-b757-ece814b8369c"/>
    <title>Default</title>
    <type>graph.Graph</type>
  </diagram.editor.model.Diagram>
  <sltp.mm.syntax.Graph type="sltp.mm.syntax.Graph" uuid="16aa92fe-e289-42b1-b757-ece814b8369c">
    <children type="sltp.mm.syntax.Node" uuid="9656a5b2-40ca-43c1-b2bb-70df4971cd39">
      <priority>40</priority>
      <rates type="sltp.mm.syntax.RateData">
        <color>#000000</color>
        <rate>0</rate>
      </rates>
      <title>Cont</title>
      <type>base</type>
      <diagramElement type="diagram.editor.model.Entity" uuid="650385e0-3daf-4933-94fd-ceb77d15c213"/>
      <subgraph type="sltp.mm.syntax.Graph" uuid="4baf0f7c-068e-4ff7-b2f1-9547be5f1384">
        <title>Cont</title>
        <diagramElement type="diagram.editor.model.Diagram" uuid="4a51444f-e7de-4fa4-bbd7-5c0cb09c6062"/>
      </subgraph>
    </children>
    <title>Default</title>
    <diagramElement type="diagram.editor.model.Diagram" uuid="1d58146a-79ff-4ddf-924d-ac9f27350c1b"/>
  </sltp.mm.syntax.Graph>
</sltp_editor>