<?xml version="1.0" encoding="UTF-8"?>
<sltp_graph version="1.1" packageUris="http://schema.mathworks.com/mf0/sltp_mm/R2018b_201805251631">
  <sltp.mm.core.Context type="sltp.mm.core.Context" uuid="78413b02-3500-4cb8-893a-5e0bc908d529">
    <priorityDirection>HighNumberLast</priorityDirection>
    <tasks type="sltp.mm.core.Task" uuid="4239234b-216a-4e6f-890f-2165557d4606"/>
    <tasks type="sltp.mm.core.Task" uuid="b362e754-383f-4969-99ba-767619a7212b"/>
    <unusedIds>1</unusedIds>
    <rootTask type="sltp.mm.core.Task" uuid="4239234b-216a-4e6f-890f-2165557d4606">
      <context type="sltp.mm.core.Context" uuid="78413b02-3500-4cb8-893a-5e0bc908d529"/>
      <explicit>false</explicit>
      <name>Default</name>
      <priority>-2147483648</priority>
      <subgraph type="sltp.mm.core.Graph" uuid="cffd4fad-a5f6-40d5-a454-b194819160fa">
        <tasks type="sltp.mm.core.Task" uuid="b362e754-383f-4969-99ba-767619a7212b">
          <baseTask>true</baseTask>
          <context type="sltp.mm.core.Context" uuid="78413b02-3500-4cb8-893a-5e0bc908d529"/>
          <explicit>false</explicit>
          <id>2</id>
          <name>Cont</name>
          <priority>40</priority>
          <rates type="sltp.mm.core.Rate" uuid="442e46a6-8a67-408d-ba2b-3b16b20f92c9">
            <color>255</color>
            <rateSpec type="sltp.mm.core.RateSpec">
              <period>0</period>
            </rateSpec>
            <sti>-1</sti>
          </rates>
        </tasks>
      </subgraph>
    </rootTask>
  </sltp.mm.core.Context>
</sltp_graph>